velocity,acceleration,label
1060.8381422527243,27331.1844531328,human
1116.727296917124,8195.221121714108,human
1003.1244015075466,-17797.224017778066,human
933.2157384041373,-11188.544483889125,human
1118.8415402388737,26591.449268712808,human
1675.9033912703203,90677.48476844805,human
1227.2785133657826,-64887.37956117501,human
1424.8478504721888,28436.424999236406,human
1509.7626067416934,12950.269139706495,human
1635.765605273368,19389.326806082732,human
1568.198609137815,-10595.846936339422,human
1274.8450624742748,-44074.003445394344,human
1533.7345961165759,39706.78343196834,human
1596.7351911070505,10059.526708197336,human
1444.3637015431725,-20703.370636033935,human
1396.8307079985216,-7824.7900214413285,human
1710.7376726012546,44596.45826173159,human
1231.20086656346,-75593.75892477717,human
895.0719181402931,-53184.962761697716,human
1013.9904956606589,17052.913445518836,human
1111.1822829626726,16099.360303620922,human
950.072506069108,-23904.888271677708,human
527.2751346495489,-61829.80740331727,human
584.4551936959889,9268.813541206544,human
790.5956617927723,28809.96267702545,human
581.3099418367754,-33742.37679624515,human
719.7309355480816,19925.174260666707,human
351.0667738086947,-57880.949587877876,human
580.8856932044139,37025.82825908975,human
703.8603792582649,17311.40183300592,human
447.7386474574066,-40543.946413770645,human
424.90269351831824,-3430.5491744460637,human
426.99791970022835,316.3090938951981,human
613.6384365180135,27777.55539886819,human
419.15285316155337,-28821.385019762358,human
347.5155203164102,-11133.42047212522,human
347.3868013297014,-19.9972798291891,human
420.99731016116414,10956.558133143099,human
221.08243017203588,-31252.4703987298,human
427.52110717616654,31203.52332383629,human
218.3721091748232,-32295.19857574739,human
330.0516913815906,16484.30878266376,human
219.0414180766515,-17193.900788921692,human
0.0,-34520.413917658814,human
283.0833192724328,40068.08282514905,human
171.05141094837276,-8570.050724261138,human
0.0,-27314.460410660307,human
225.349198446764,35908.481287214345,human
294.5438202247191,10190.424118741723,human
0.0,-42937.79797524747,human
218.99289675536153,33911.34840259174,human
157.10180537868004,-9723.202192133518,human
0.0,-24819.493416212255,human
145.24722097170758,21096.755200004052,human
145.14167070385494,-15.319742219370866,human
152.99861384693952,1202.1014099661566,human
0.0,-24807.58845108527,human
159.1041650861088,25314.13534774776,human
150.15587298177783,-1343.638612621765,human
0.0,-21460.43475213694,human
208.44959240637203,30724.661204259763,human
152.97071373864839,-8486.64366722156,human
156.55645552610952,561.3710246767711,human
215.7980718709107,9039.813308162584,human
203.40311369301565,-1782.738586701113,human
108.07203296862082,-7285.055081562733,human
0.0,-16505.970438002263,human
302.3793526061567,45716.63644125923,human
214.30889520614647,-13346.133093239849,human
160.0146497787273,-8687.874667068747,human
296.7632928856971,20290.98881303768,human
0.0,-43480.471806464215,human
219.73926063257474,34142.89322917133,human
150.36581343658133,-10431.394818525272,human
231.32523210029336,13242.664906749942,human
0.0,-33402.70411055148,human
158.20995058654898,25030.38846459827,human
206.62701088639434,7074.088887166286,human
350.12315161456223,22468.60182329927,human
225.7179345300705,-19855.90393996545,human
149.76447904020566,-11375.129692743056,human
197.84668962061713,6726.640477844707,human
231.7590685909089,5557.506711128024,human
332.35581921043547,14952.101545429774,human
160.43698121868186,-27582.139382020585,human
278.84878502808897,16509.493812618803,human
216.7443125485337,-9518.216733251307,human
343.9849206784991,19574.025000621546,human
157.73397014027302,-29378.101870794024,human
224.87078631873996,10675.267899181463,human
292.9085512762317,9964.421582885838,human
333.89401054858763,6120.028330231745,human
148.3921457633115,-27527.0197585828,human
367.3187193944808,35963.0518735561,human
342.9409412863565,-3738.76745027125,human
453.1914387930049,15800.188017020037,human
641.1199309895937,28398.51659223668,human
660.5683097830172,2872.672663993912,human
683.3083576044063,3474.5063399309183,human
798.519590298138,18399.685265668424,human
928.1703176455476,19027.10162057905,human
951.337960059882,3484.870723318479,human
803.9560161619529,-23237.52638218403,human
608.0502942213936,-28890.972650686526,human
623.7082417120733,2368.6007066017905,human
449.06895074946465,-26141.694384069717,human
471.37603955945156,3505.0090591175294,human
748.9293621884151,41573.56657795701,human
1010.2583442295781,37715.68352801522,human
1089.9745684519887,12287.911728076206,human
1469.1528511607228,60422.81782144957,human
1140.2163565738922,-51518.28435367894,human
986.0645185603208,-24033.88858775089,human
1033.3295617959488,6772.94020851956,human
1154.4641151114033,18362.613087181464,human
1175.785558905064,3209.813610047227,human
1130.5686733342968,-7229.572066367197,human
1200.343023584844,10723.492592916034,human
1558.1925542880595,51549.99718459332,human
1502.580783836068,-8356.117763626497,human
1264.7423457389598,-35450.131921266984,human
2203.2480655262466,152024.8057207236,human
1803.2588032409558,-63260.805533945866,human
1885.100192260889,11467.48397580883,human
1584.6624645627023,-44787.004657215475,human
1183.7306300734979,-60765.70055378363,human
1145.5348359568013,-6067.673069228377,human
512.9381173777892,-102610.52467796522,human
319.55940108008036,-27636.005427181353,human
452.3135986196484,20015.509606995234,human
334.4774915227988,-17626.26445580402,human
345.4546709749633,1695.8866877207734,human
322.4899277256651,-3702.9491953523125,human
41.20826368834508,-888.9990110673718,human
2475.48940344252,423990.49547757546,human
2165.0930469121836,-45516.08851451305,human
2298.695674560596,20119.561810866282,human
2886.5575745354704,87862.00757268342,human
3485.9304025137076,97311.75388559388,human
2488.194742043643,-135233.69434972477,human
3324.668847135964,132278.65192041403,human
2400.4091794577,-150262.64666001062,human
2323.0195377147884,-10860.765012241452,human
2241.407757059984,-12683.585965894816,human
2146.37028331907,-14246.972953336779,human
1670.9572516924313,-71052.83566860523,human
2087.4337172103988,68729.497372831,human
2241.9980769269987,22751.005868284752,human
1884.8215215852076,-53728.331053914415,human
1576.5911557713612,-46545.88141330259,human
1369.0767284617236,-30815.315720393766,human
1529.3512767109164,25837.503990306028,human
1227.3018288222386,-46338.22997356521,human
727.7229509334444,-72711.00304825044,human
625.8525773722733,-15463.06149786892,human
443.5131648514328,-26956.643308089653,human
335.36992763762845,-18133.994819446227,human
275.6056115911555,-8235.690437657646,human
152.33180794653882,-18778.521381631082,human
76.02095227738205,-5801.223917071156,human
338.9336565656566,44554.982110995035,human
878.2656522649543,78946.12783170055,human
1718.4384441392126,126628.34099857592,human
2336.9430261390644,91415.75312919538,human
2418.360851515635,12579.331441715567,human
3015.5932163013913,91432.42313210774,human
3298.6191909704935,43624.02534391129,human
3766.3906827159562,68268.75809575703,human
3345.9204609910466,-66173.12419277607,human
4188.712477585138,133716.36882919745,human
3733.1467513746047,-67811.09900304297,human
3527.89447351165,-29963.81782916368,human
3360.7380570433143,-24998.3892968269,human
3085.6008310942184,-41180.78604529124,human
2699.6153659441597,-61189.06872857932,human
1995.0222092129816,-108129.15354909105,human
1511.6243197462788,-73071.60058318914,human
1016.5545322346098,-71895.06232391605,human
1346.745457359291,53925.75025364657,human
939.5035892241498,-59752.89290165451,human
1538.5730530794908,92171.21340106058,human
1201.9285069401571,-51806.6250761472,human
1276.9692895720389,11139.403813697823,human
1393.0559023095846,18080.302419292195,human
1073.6780222125985,-48494.65735084201,human
1465.1963404070295,57080.42851945409,human
1832.4406742636618,56079.45456264637,human
2491.3801819524256,107319.24874216646,human
3374.262281880048,132045.21192607423,human
3535.0583035606196,25294.505378948696,human
3322.8244376683456,-30125.329203946952,human
3389.751421633572,10566.19552652861,human
2642.228691278286,-107591.96932226409,human
4645.301224660947,322588.5094093468,human
3205.5852327713246,-207855.10614231759,human
3766.50637628246,90168.39628672888,human
2375.6163353750303,-211531.08024722422,human
1952.2761263194523,-61431.55038066175,human
1679.9353629064333,-42297.265546407434,human
1431.4287450026966,-37706.19330391471,human
1081.1292257407633,-46974.31660714891,human
1947.4049542676282,147958.77970693258,human
1282.4732163690476,-99807.67448001176,human
1272.4096900481486,-1588.2558963670922,human
1019.6028605465694,-36453.131745248604,human
809.15735091144,-33395.34799457691,human
967.4697831769952,25527.082419696577,human
418.31489361702126,-76573.22306851586,human
820.6104241665363,66025.58119290785,human
424.35289356535816,-56051.0099025578,human
565.1262382990924,22064.5068352048,human
750.2421922512789,27776.35982275504,human
748.1278538812785,-316.35908542544536,human
1363.3905409937256,97513.55613688352,human
1379.8641650896059,2409.5197182259376,human
1769.2141469657613,65979.24069262197,human
2120.672261896268,53102.38390797854,human
1777.0736890134601,-46969.229496354754,human
2884.555534329271,177477.3825597175,human
4440.388032938119,234760.38681314842,human
5691.4676348699895,192445.3800821965,human
5019.625768677141,-101451.2178405864,human
5751.275502421659,113355.54834676297,human
5759.958756109928,1251.5534597154335,human
5962.770340226998,33540.47151283669,human
5741.246182997099,-32097.960367775417,human
4381.93631226972,-215919.66779137778,human
4319.544089780567,-8861.301244586912,human
3824.970635684875,-79305.40263819929,human
3378.825663158529,-64631.217588752224,human
3596.0571763501284,33492.68507225327,human
3331.8021408226,-43167.391826345796,human
2045.6901503399213,-180696.90369910767,human
2503.788864741598,70458.57243160286,human
1875.317560266776,-98215.27278378345,human
1782.4400189946514,-13608.014911371676,human
1534.009079666318,-40170.973535933765,human
1203.529199655465,-49333.84641239425,human
902.1314959925203,-46630.52726168585,human
523.1528050950881,-54988.47473435028,human
614.6853777618062,13645.9598943025,human
660.488042544806,7337.214991024533,human
1083.8773970271486,63035.058322543926,human
1797.9462571003824,106618.55669362446,human
1698.5363914147922,-15350.11586660286,human
2275.339749314196,87301.11977666359,human
2747.781913953891,74332.88547216337,human
3408.9477465124673,98839.16655963812,human
4192.401449655217,116344.81663030904,human
3431.6699810315677,-124172.59658211582,human
3217.9689332719963,-32133.331878617664,human
2330.597727859498,-139115.81805884966,human
2119.0196333107965,-31544.9611928763,human
2221.8868834819154,15374.568608549509,human
2236.018766852938,2223.308887869956,human
2375.8962635461435,20262.787314025656,human
2017.3521751360058,-53178.7865269279,human
2248.9919871367197,37499.23926179482,human
1926.5078613574533,-47789.86180590327,human
1983.7867464276137,9068.588885901936,human
1910.0052329848256,-11140.947437057272,human
1518.035130918144,-58346.94136986518,human
1906.0143597086358,60786.03082562754,human
1368.9974613766592,-81686.08561476038,human
1551.7949457219759,27815.564496426465,human
1335.551985749858,-31325.16101343144,human
1547.057022995104,31781.479014720186,human
1527.4211008875802,-3045.258888492348,human
1780.963185682636,39603.47759661262,human
1185.4869705299454,-90384.98429847613,human
1507.9160952021168,45737.47860284724,human
1418.4465442396595,-13452.197285633734,human
1768.8149405688775,57294.6924323453,human
1377.983845320149,-56769.09634735155,human
1881.4863725575178,77870.30471983057,human
1851.515309835621,-4561.404559624888,human
2186.345878397885,48695.603087481875,human
3317.7973033834137,193337.0503390574,human
4090.711534602106,113354.91631376922,human
5741.196232973402,248845.55779566203,human
3821.2346218716716,-282806.0637503225,human
3983.986800406146,25432.439679440395,human
4391.326727388532,62928.452489942196,human
4170.349467093101,-34609.626839662684,human
2577.657958696764,-238622.33843303414,human
2469.2564969122554,-16170.597317231992,human
2224.609793752647,-37378.79373630914,human
2286.4656935184353,9245.659378184846,human
1808.0514179210581,-71834.14154060218,human
1860.604468896918,8120.223684665787,human
1092.6650704630517,-118666.7387764344,human
1179.598839178135,12719.38653701987,human
1875.646486278002,108047.20319842933,human
1994.1082270241718,18446.114978416368,human
1362.468190945014,-93344.03248139512,human
2027.245021878082,99082.33968550838,human
2394.517811170721,57738.14577291126,human
2086.0415887675317,-48923.960278703256,human
1832.656584614503,-37541.9031565603,human
2044.078950116615,30868.8576361949,human
2246.7206532333867,30284.72852127161,human
2486.80293485511,37314.83265897578,human
2365.923047277588,-19023.938913584872,human
2507.529458060654,20569.362257075587,human
2371.543852899993,-20773.782330557322,human
2476.9895022274504,15581.155848397111,human
2415.0657846760228,-9818.428768790809,human
2582.3572741490257,26740.524522201755,human
2045.1050608846438,-79088.83571190685,human
2170.785068032431,18477.992032388956,human
1483.917344291128,-102960.29595650767,human
1412.2259950113719,-10981.495619365953,human
1582.6151551536077,27239.820702135246,human
1366.851525030555,-31261.123247077292,human
779.2048747863565,-91579.4269044305,human
606.7915234368651,-25373.824884862366,human
492.39164863031795,-17812.965530704972,human
633.3940745687528,21660.881189733034,human
744.6929886813701,16254.79580271623,human
803.7220710535393,9488.595267309945,human
1190.2786439500762,55796.53726774852,human
1658.86629897441,71863.65409408693,human
2156.1168310584953,79911.87002269847,human
1842.9523192193703,-47929.47143458819,human
1681.8406100345837,-23950.07925857123,human
1807.6631463209321,18888.259385682755,human
1161.1981658450243,-96113.95035518138,human
1286.2636036066428,20596.924213338614,human
1345.243244649131,8410.23133008336,human
1484.8670655290828,20732.281318797235,human
1511.1059616455575,4025.822399565221,human
1095.700948365467,-62520.988546746696,human
1529.6835279949864,67404.36473506433,human
1172.6042001081767,-51934.921051146324,human
1148.3411936182526,-3940.3115024088834,human
1710.389331856016,85983.17665693563,human
866.1443469282395,-121873.0035196184,human
1770.715152971526,133017.03713040636,human
2415.533017703747,100332.47326449821,human
2351.287416089696,-10374.834783514496,human
2654.672208972668,46116.33567673766,human
1764.097391135412,-130469.49077031348,human
1790.8062372161417,3972.095874615782,human
1850.9898229204296,9251.200405110225,human
2195.485668674483,56373.934057571256,human
1797.7995054711462,-59170.50958029117,human
1583.6647355809625,-31486.286481664392,human
1720.492526837995,21055.81714780365,human
1036.8375180986686,-101262.7374995724,human
1250.165126676602,33336.84210018109,human
1146.8973117881924,-16268.652683958699,human
1341.4579380313096,27665.4036984782,human
1704.534625818012,54279.08482643703,human
1215.2604784335206,-76130.15705117087,human
1581.8529133983789,56324.41174925253,human
1306.8310373597,-44578.9671802649,human
1256.2775148490166,-7013.423797858292,human
1903.4487189344554,102300.17223111376,human
1544.5788989136438,-55430.27514610828,human
1776.2439299830605,34291.133768865715,human
2505.3022932818403,113934.66259612971,human
2721.6660406787696,33231.84895129377,human
2577.4233026806064,-21287.751335561148,human
2262.931393305981,-47872.34787898774,human
2100.015619516534,-24626.744573041153,human
2433.3714939451065,53256.48958403515,human
1595.7852144387257,-119549.836060666,human
1920.6214144612795,51110.84417223985,human
1897.1248385647307,-3822.3551281541486,human
1296.1963114000569,-82565.49694371868,human
1285.9351085914163,-1533.9156028616496,human
1469.8185356453898,28649.12126689905,human
1188.0666397074667,-42859.068804265575,human
1377.46575511225,30534.958000412982,human
1043.2380061316026,-48353.08997173446,human
806.074668685039,-35499.630095480934,human
969.735246876613,25093.848208782,human
1145.262697061317,27612.91300050653,human
766.9233863594807,-58031.45307127282,human
724.75532209013,-6112.305800290111,human
1525.77405258885,128828.40850514604,human
1274.5895915875756,-35794.651904851344,human
1208.1723061014945,-10536.491023995295,human
1189.0153336232436,-2916.415603550431,human
1353.2021749635628,23550.8199234317,human
1412.4077152589225,9854.989859631254,human
1041.0476120802473,-53612.2660724445,human
1070.070980851492,4306.839969244903,human
1040.0747962481769,-4932.880496625109,human
1097.3245391926648,8711.781222328395,human
732.175211980153,-52432.2931778414,human
1143.3516881498501,67159.90259373283,human
1728.8969497114592,84362.28471932204,human
1748.4242203989222,3170.0007568025994,human
1780.4025422537502,4501.050480519226,human
2513.603053274899,120997.23938377593,human
2201.7584824756077,-47607.59010998585,human
1911.0649094877756,-42607.534804205905,human
2284.487858545944,57384.38370801175,human
1647.6210135802846,-92747.23639133522,human
2118.2944917672003,74313.85854520208,human
1446.8024542415455,-98642.5377893669,human
1658.8585701544857,32661.12717384359,human
1769.647499745315,17750.198653062882,human
1409.1395934822779,-50800.596447864315,human
1074.360655737705,-51381.90272606166,human
1179.1590333801928,17475.99612513507,human
752.8504196794706,-59598.290903252906,human
607.7065757236774,-24463.62890412536,human
683.4898803897923,10359.424368357226,human
893.8229974547629,32241.832988746228,human
1108.496351393493,37163.83139832553,human
926.8083180179494,-26624.793695030934,human
1529.138558991868,91647.54186453858,human
992.1308417531172,-76111.70264742883,human
1304.7568534432476,50987.6164146658,human
1559.3367536619824,39697.57951546733,human
1546.935255658005,-1744.028589575001,human
1868.5334123245893,49395.06499557937,human
1971.6160153338847,16067.47832072167,human
1643.11048566715,-50116.46808654217,human
1885.801469455344,39101.13179682546,human
1195.318484366193,-102371.70541857075,human
1038.6166777846715,-22569.795479279608,human
1110.6623191013302,11096.552642370258,human
1248.469455946642,20000.17388577296,human
1077.8011719063145,-28727.613228328195,human
594.5315827919937,-67721.74570514022,human
692.3374201675177,15141.4540629502,human
690.5278208142599,-279.41429118563474,human
974.0437570063065,43664.2441519441,human
467.80072088156015,-74889.33063133241,human
615.3853255266763,22027.425008947022,human
445.55476080875326,-25222.938880303227,human
811.716984053259,59444.01910525327,human
1006.7595240544525,28051.56210599616,human
1043.7454682233868,5754.731371129484,human
1178.1384428509355,20790.211007716818,human
1178.6198984188668,72.65492604147181,human
1844.8585549706868,107800.6119176732,human
1354.5457543576217,-72037.30351907598,human
1503.496433308241,22394.681454109694,human
1089.0273385578591,-62593.50383422409,human
1127.5060734031108,5554.8809622213275,human
1520.4685333383502,62980.66555430701,human
1198.410884315115,-47872.122675293314,human
2354.8512183254106,181549.6619643193,human
2219.510328735075,-19850.363135024785,human
4258.1893895850835,330722.86751651263,human
4574.37599900006,47478.97610681917,human
3874.7117676018747,-104501.2635998267,human
5758.164370307011,280960.7278634479,human
5089.150310742261,-100618.48630553173,human
5771.590944927539,107120.37280512875,human
4760.14952667757,-153328.4945182708,human
3973.789284170211,-116053.26919738164,human
3788.3723589601864,-30116.36723371053,human
2452.850724503785,-191703.75542392273,human
1428.867176597136,-112217.44548164631,human
3003.8702284609326,473110.4777228769,human
1269.8532837055493,-238834.69747324588,human
702.1335476173894,-89133.03986350416,human
321.80719401246495,-54735.25755663426,human
885.7944533269549,85676.71197724747,human
731.2009404201675,-25276.27137406892,human
315.34746183044547,-58646.84807715899,human
995.0450550655204,111187.92254665552,human
742.6759017238,-36757.750784380005,human
1047.4910985051197,45613.0293310741,human
1976.910455151356,152586.00772110285,human
1909.0163050803856,-9714.758135273485,human
2645.027057238831,113926.00073148966,human
3510.5467764323835,133244.735558539,human
3223.521710224402,-43092.32857129978,human
2402.9047862521966,-124711.6506643109,human
2404.7193156329417,278.76956301150113,human
2001.575047577124,-61888.207894136176,human
1586.3053989738162,-60900.94923830239,human
2037.7476413124486,70555.05469351624,human
1686.9174737010176,-51906.182769526116,human
1417.6275477502465,-35293.06044980229,human
1961.896642741186,100450.14706489825,human
1148.617161874263,-119605.2377180245,human
858.0105741171985,-44078.12437912005,human
1216.5375381613476,60484.7188238368,human
1091.056720327131,-17976.729042091953,human
888.4330447674087,-30872.758387636062,human
737.3230237656666,-24913.57568898156,human
575.2822067779068,-22608.976642660877,human
460.94629643197305,-17567.57147437876,human
1176.1104801962847,105139.01144827857,human
1149.676629359174,-4297.848831317459,human
1205.6187054545164,8855.937857520245,human
1709.7854509919189,73647.0796320311,human
1447.4107804311354,-38559.18466123953,human
1559.3472243116435,16953.579399624105,human
1582.3745944617933,3539.1641894559975,human
1499.05303905262,-13547.679219216816,human
1204.5572872501973,-41806.156832326174,human
1008.1324925511091,-30925.874703662335,human
914.5491248914236,-13366.379258615041,human
1138.2491447300702,35310.322445029145,human
1124.0556379601521,-2256.277514462546,human
715.2549393645788,-57343.71443504256,human
796.1852695520122,12887.107351042994,human
1677.1725433296278,132157.66975516983,human
1562.6799606853917,-17544.085099921456,human
2204.0849898901383,98023.23481922338,human
2381.6830764343254,25414.546734378364,human
2258.2112404083387,-19618.092875639828,human
2651.0196842278356,61149.76161325358,human
2121.3572586135488,-79056.4474717521,human
2627.573714807848,82490.60597076706,human
1767.855007619233,-116912.15551133275,human
2500.670030006575,115899.28279258363,human
1954.9490345735182,-88597.62934115934,human
1328.426361667319,-91910.97034245612,human
1213.9369776780868,-17372.862097014317,human
1084.381050974022,-19482.179176773487,human
690.3245151110907,-60827.06111423657,human
1086.2576861592863,64113.353527145824,human
771.9722272999151,-42889.49917799565,human
902.493967518558,20823.425526284318,human
949.4651805114624,7051.4888342815175,human
1120.3191178777854,27069.59365811649,human
1126.0187557454199,907.6280005607922,human
1374.1904200249,34103.512357449734,human
2436.5060504242138,169204.9784622475,human
3232.3368341973737,112806.90232182831,human
3879.566125691184,107656.90062776231,human
3862.802443538995,-2679.572374453341,human
3475.1397457110406,-50033.085240648026,human
4422.234395445985,165945.47906098567,human
3397.3654948924777,-149283.268937912,human
2544.9447367215844,-133262.95410485708,human
2663.866961536363,19315.20923286573,human
2085.146746101624,-84904.28187340539,human
2051.2804213309705,-4887.844927939556,human
2072.4470822365743,3260.592423351602,human
1486.8673118508277,-87067.94190676798,human
1556.200320114683,10479.790763383247,human
1219.6775445525554,-50909.9665872438,human
1145.1878487663255,-11829.63269073369,human
1397.1230650842324,38178.07954126246,human
627.2600079053557,-117121.49801151945,human
323.2728814212494,-49135.397146741416,human
139.37806134316952,-25630.903513533736,human
446.9474656342131,45822.455251502186,human
477.149596147283,4803.644792366279,human
684.7551463731083,31787.71181449203,human
499.51244074699184,-29260.88280715712,human
784.7619446606726,41568.45025582541,human
696.5279511547923,-13742.301964266167,human
336.9408608693831,-54184.213081819755,human
646.406509664251,47150.0239239678,human
349.80973713398527,-46399.50130210673,human
996.1778855158743,91060.87969336125,human
1127.3279066195669,21121.296963419678,human
1723.21446179129,93349.1208599006,human
2918.4877158181475,183854.31239760396,human
2689.871001633369,-31840.876598773826,human
2614.92732837063,-11390.65620164509,human
3443.7744246416178,139113.11289627003,human
2711.9912497895784,-106692.19610034094,human
3393.9473850065533,99234.36531241669,human
3229.9232709257285,-26895.773790439805,human
2219.2969385469187,-143292.34224872463,human
2108.4283942401175,-16529.2140496994,human
1665.1228544020764,-72382.3652664612,human
1519.273148933856,-22048.585440410126,human
1466.027263194687,-7805.99201465708,human
1123.3947989054425,-52871.66460020734,human
1089.8340855598185,-5452.369920145798,human
971.5465747989214,-18170.736138824857,human
784.0536757575492,-27298.049723022203,human
431.1882820132826,-53793.65145360928,human
302.17240012967835,-19492.519341807892,human
459.1530390540684,22793.10837965607,human
786.8647756265947,51572.96441366851,human
1392.6241376610685,93159.49529639723,human
1465.7058144292164,10658.464104987994,human
1625.2159794963463,24830.541990117406,human
1893.4409477737152,40150.50168970882,human
1582.7242786783374,-49932.57348863675,human
1158.6096336966782,-64521.79005822101,human
1456.6488124935508,44080.077569182205,human
1412.9409607621978,-6904.599350239947,human
638.6400777841598,-110573.46670791996,human
695.5761562188627,9334.605852440618,human
508.0895758931498,-26420.363990272104,human
161.2511629695129,-55928.09744643658,human
524.2591047938608,52782.55780439679,human
340.2905867820209,-27996.80312656044,human
310.36732277638004,-4643.601669080788,human
209.25112362915732,-14961.444898860296,human
311.3118088027908,15886.348254528,human
153.13267615918218,-24222.393894254037,human
348.54871645232936,30460.6168970458,human
205.29684011752752,-20795.414734315047,human
745.0977048248419,80440.87707117699,human
856.4123110344839,17702.55926607743,human
1262.764103316763,63645.503856631425,human
1024.427757506774,-34529.20757750062,human
1202.7109215384064,26802.888563408433,human
1532.4457435147972,50530.07244263295,human
2080.802834868887,81501.64215786057,human
2471.975514704954,63484.64385262091,human
2750.268510910888,43192.918411727835,human
3485.6904846156062,112199.30619807926,human
4530.0617290585205,148866.96645885787,human
4748.863931399817,33640.870692408746,human
3657.636260578363,-171126.17156349024,human
3620.28037373033,-5539.5964372171875,human
2755.9034429485855,-129763.39948765507,human
2507.921527994927,-38569.79040374491,human
1944.1513544705529,-84063.54630075641,human
2084.0120425818704,21724.992355679275,human
1610.3222970449915,-60877.52158549803,human
1975.7058463129588,70116.19537122351,human
1377.462396369475,-87349.95805443687,human
1304.6742822946287,-11039.431495808512,human
1556.9635101525669,39280.51217793761,human
1554.7749969380102,-314.57469944715336,human
1613.814544055406,9527.887981249782,human
1447.7021524990223,-26083.85565327043,human
1815.0063932933397,52057.36454621101,human
1572.2477644216008,-38555.17013560718,human
1763.235173446685,27966.040134881532,human
2218.540953612638,75081.22095432192,human
1448.359404675576,-111549.96897105963,human
1607.4000686039437,24048.77398793745,human
1825.8929859604364,35262.061535265166,human
1604.230318192217,-31430.717176163398,human
1590.5416346652466,-2048.1770858984764,human
1539.3937975876347,-8540.19019291306,human
1707.9030267890857,23900.275060075845,human
1485.0247840249256,-33097.97143247019,human
1208.8476127035678,-42745.89521317598,human
1325.950955966407,18299.13270968665,human
1300.4183575377933,-3913.0181131075783,human
1152.0101792324513,-21890.174985891455,human
993.0356665395284,-24654.73967409788,human
1446.7107161752601,69571.53578981932,human
532.4734388536922,-135015.98778983,human
908.5069078749766,60392.04637960826,human
630.1095855156391,-41347.08412453733,human
316.82821641440705,-44388.801417024995,human
471.1578380011694,25708.14365700956,human
202.30701233000417,-38459.8258361484,human
383.2440692341974,31011.15648584036,human
131.55711686845243,-33111.20980664493,human
39.31447425154191,-3626.470998056711,human
72.61355216232126,2417.9643308315754,human
155.13200429041683,12801.252869574279,human
154.3726168568274,-117.22862533139183,human
477.0048902536108,51299.05738796855,human
297.0154728605318,-26729.820958448494,human
290.42404099155243,-957.1551396547469,human
497.0732401042901,34239.92898930837,human
750.0543633762518,37949.91907239206,human
598.8654649295021,-22635.452490123007,human
602.3486159480128,524.5177987844637,human
352.22702002851537,-39399.33189061974,human
631.4513607898148,42763.054345217846,human
902.0371218141237,38592.18375296868,human
562.5405697609534,-52968.48366115464,human
746.3439980070465,27436.11709691808,human
668.3829006769726,-11651.672690133923,human
557.7479581354175,-17114.279783204776,human
615.9118373441494,8443.755753173915,human
452.1068293838203,-26183.231711434455,human
593.9561016203994,19858.443589418315,human
450.7497702432252,-22821.94948594579,human
488.99697091707986,5914.33368143162,human
687.36478891123,30489.022407715045,human
671.8782765455461,-2326.6401877440153,human
477.65607314732335,-29336.897313525613,human
597.8564197226215,19931.084974981586,human
308.5419239497081,-39920.81280647148,human
485.3466715147422,27136.009218787054,human
821.1072521166017,51195.35939583764,human
1104.5083845056856,46662.10658648286,human
633.8705638212543,-66707.15375263561,human
722.6373511807434,14343.525495590953,human
1033.3331312706882,44099.91719845604,human
1030.859506404607,-403.18403102258964,human
573.4318727352827,-63617.96384408055,human
705.4608193086824,20827.016387551117,human
1149.660919768405,70147.2235752491,human
614.0088200941117,-79768.78197309736,human
622.0480708589855,1212.8722578365293,human
714.3264299706218,14739.460403494899,human
445.26500064303997,-37885.236648126556,human
506.55185759069946,9817.281898983958,human
339.6251624949947,-25353.659422295666,human
426.49601735416735,12350.024540529685,human
478.64769832686886,8825.4994597751,human
133.13560182833925,-45999.96090630297,human
0.0,-22958.154310365113,human
154.5318694274556,23880.098668744187,human
144.4419037123769,-1457.4138562785822,human
162.05486438451433,2854.265953133016,human
0.0,-4912.209681995692,human
21.757510050577096,473.38924360096337,human
24.955400066638106,79.80462471991025,human
0.0,-1283.5450816831863,human
74.74212805388741,5586.385706023704,human
0.0,-5904.7900145963,human
144.13415807560136,10387.327762081222,human
105.76053052939471,-2029.207603812105,human
0.0,-7828.597431155469,human
107.2474434352304,8133.152183954592,human
75.82853940303364,-2382.449602405564,human
163.9745103405137,14453.692422962442,human
0.0,-23464.99299280989,human
0.0,0.0,human
142.0065005417118,20165.846196103194,human
51.253806486301535,-4651.421019226526,human
170.10601451920348,20217.47542528421,human
50.67665466495904,-6052.280426190669,human
37.33181429792082,-498.1871024176682,human
76.97241746343433,3051.233055358242,human
25.233297838419936,-1305.548615395626,human
5.542219212625409,-26.46846435345625,human
1323.959595959596,249361.61963200424,human
1413.4648803056286,13722.21551844805,human
1180.1340100062678,-34154.41483283627,human
1288.6407166878284,16956.412587976774,human
1078.4410751455805,-32058.514138366485,human
949.3968439315795,-17326.122320106573,human
523.132748513699,-74330.90260955381,human
562.0265979184484,5301.677872399677,human
818.8161799156645,42052.692914620166,human
622.0033240280062,-29690.786918714846,human
775.4879266353585,23805.09124928551,human
606.7489783371307,-25595.546121407908,human
457.7111546398949,-21571.88004985198,human
478.47410449463837,3311.511279471819,human
619.0198810878281,21100.752154774036,human
1125.5991412360067,81457.8828843945,human
608.9070518636809,-78654.36421524711,human
558.514464529445,-7036.247232808504,human
318.97060724742386,-38203.72480981827,human
742.144525444122,62811.24134008365,human
478.65611685940354,-42040.11283020842,human
568.8348816708483,12824.206752685359,human
324.0972066607426,-39659.39841770994,human
424.7539832568188,14251.455600325035,human
490.12238538542437,10679.505726701938,human
455.52300619049345,-5253.604407733249,human
735.9202723093659,41270.006487400475,human
450.29029487546524,-42872.13558799454,human
625.3155423033917,27361.501878044786,human
579.1237832240248,-6687.686567953911,human
487.6530635972561,-14868.658885146473,human
581.5729339988908,13655.313647568564,human
458.6110726391369,-18797.223710633854,human
299.9037574630868,-23798.460079087905,human
634.851326295077,53160.47707807515,human
305.80549943914957,-45000.43130735022,human
499.2228526086094,32186.120931088197,human
469.6518363690654,-4629.360693400433,human
459.3644859813084,-1575.2144743272008,human
617.4506718777012,23674.004636174806,human
293.40030079395615,-47538.238174181955,human
470.14317740248094,27698.15253066216,human
620.8954516857259,23400.350358436455,human
619.7519501845849,-171.88191371279504,human
448.58866310160425,-25593.970041543456,human
434.4778149925762,-2043.6168180342097,human
641.6988334289539,33243.37144814583,human
488.2769046957324,-23689.375989304437,human
304.16650349903915,-28000.10849490175,human
623.0629479704386,49673.13969741035,human
277.16275688891824,-47935.3252842789,human
311.1501483679525,5287.590950670599,human
220.9342074462054,-14093.902036347126,human
155.33883930224806,-10189.50835108599,human
303.605066956207,22507.18898711222,human
145.7114469341671,-23006.90783508501,human
167.17700984495198,3588.5486220637204,human
289.7018925265921,17747.8451972349,human
146.2194178141886,-20979.923918986675,human
0.0,-23515.670591093654,human
290.1528138078932,42094.32768031897,human
157.30213021302131,-20897.695529729433,human
0.0,-23159.679653222276,human
159.3035816020358,25377.631111236475,human
158.83905173066728,-73.78548426874332,human
0.0,-11715.187276326664,human
37.32384138962056,1393.069136077553,human
30.50646960847777,-207.97394505112658,human
14.4709267353615,-25.169265916935537,human
1763.0083523601493,272473.5294415125,human
1828.433551859489,9398.677123022173,human
1778.8031942169578,-7803.156561138775,human
1561.3205106248586,-32980.99970066802,human
2024.545885158529,71927.58926803169,human
2022.1104037592056,-354.49574455537777,human
1747.1293095846174,-42136.281719306295,human
2140.4717203878818,60447.647638653674,human
1770.442053494323,-53850.21033171371,human
2083.736785460939,45595.18901688078,human
1658.948936092323,-70120.4052012351,human
1851.2449610122112,29665.587262968464,human
1531.8301011650415,-48928.92970733075,human
1187.3472045293702,-51127.60054106804,human
1556.5590440139538,57470.00279067568,human
1534.0150683929485,-3458.2798304105413,human
1509.426108901018,-3693.1021683320764,human
1060.6599472562407,-67998.32762007647,human
1123.353470276243,9673.890603225933,human
919.7503591290221,-30786.017646534947,human
1044.3766465095644,18406.948928282207,human
468.323358642251,-89926.40351031056,human
482.2935107506954,2130.652153341949,human
320.2577723168611,-23207.346623048827,human
162.86661748145846,-25633.765009542527,human
302.3793526061567,21092.88526366024,human
296.0197614510551,-941.2823283297096,human
159.17662239089185,-21782.22867296391,human
335.6265696499885,26484.566260686304,human
341.7164199628098,930.6523182419223,human
213.85303390834346,-19335.108756599217,human
298.7396011396011,12679.489618387925,human
345.54376472991225,7232.734896599231,human
330.7267389202087,-2191.519522594787,human
557.0699575232516,34970.798510318535,human
225.6406573918032,-52880.22060478296,human
536.4779927235344,46250.17840048322,human
559.7090246450169,3606.2774385581242,human
586.3084396295649,3898.865373662392,human
205.823991169566,-55375.53156298161,human
3.703597865317333,-529.3208021019021,human
156.73781763826608,23986.249631186773,human
106.62666909070147,-3778.202243351509,human
0.0,-18239.17882030202,human
74.25912680145888,5514.417913315147,human
36.94836061241389,-1378.5716438782936,human
174.9376042709376,24139.50770078081,human
74.68091092000071,-7487.261185275146,human
50.920904709295975,-1209.8810121475765,human
145.97007029999304,13874.33338322973,human
222.98566225013053,12143.408344755066,human
463.3555926342314,35220.421327153046,human
794.8876170261153,52706.140167341706,human
1157.4588141964496,58196.54137141026,human
869.741235354418,-39566.3931740147,human
1243.401968036461,57627.83886348081,human
1146.6389045831331,-15240.46954917564,human
900.2771873347663,-36462.681679018104,human
1142.0928347190618,37935.67987307526,human
1350.4774811553184,30524.151571075534,human
1062.8277372362877,-43235.63775375618,human
807.2637278503857,-40460.240320965015,human
1029.7988891520351,32409.031846810878,human
804.7398311588641,-36222.797666039485,human
579.8537559666931,-31626.896617583945,human
679.9552565453514,17016.135376634054,human
300.8071144260767,-57025.229285453526,human
598.3930248425833,43189.12714199291,human
309.9888400280847,-44701.03935494588,human
151.08075787047042,-24007.953484115347,human
302.4883888648493,22899.525180666642,human
160.70746005594083,-22785.25295325185,human
0.0,-23412.849688866718,human
74.77410728611413,5591.167120435306,human
0.0,-1912.7578281131805,human
0.0,0.0,human
36.96561935398581,1366.4570142237703,human
51.80903442568277,769.0230024442462,human
49.906049212317356,-94.97047370852648,human
173.7419328113997,21515.485767912076,human
0.0,-26061.314775716506,human
73.57524514533303,5413.316698195851,human
335.2894999800152,43875.02082058143,human
141.07036189963677,-27398.564096834507,human
480.612352469348,54396.02494994471,human
458.9941460758859,-3137.8111758633677,human
566.6083977850773,16911.460711909636,human
487.82793920905056,-12153.04691335699,human
542.7353623630387,8265.088449772647,human
466.56654844360753,-11238.04562042795,human
745.0641044453725,36680.90479285373,human
884.4264507422403,24651.14906048994,human
693.0536753962149,-29657.32854701406,human
916.0836450217332,36117.97273050927,human
632.3107272745174,-40122.36251470819,human
970.3027791181005,51854.17956091108,human
1108.6351677474063,21688.40052921097,human
864.0258470563514,-34745.524661737145,human
876.6534654017163,2171.0145161681185,human
1127.4253074390163,35340.81513824392,human
1072.6336402162794,-8395.912209520455,human
1723.4644533608875,100326.44650283665,human
2019.8886424639525,44877.749135566766,human
1932.284888639302,-14009.332586615337,human
1541.462843525793,-55695.38145922027,human
1603.7447209392747,9234.300525394172,human
1634.1468664028805,4673.649037039432,human
1839.5960046697082,31386.49216642173,human
2298.404663819794,77530.43770629073,human
1712.4081878451013,-88009.7168749439,human
1681.1506687199499,-4348.953011898737,human
1996.9218824391137,48505.418963088945,human
2034.8771669124058,5756.707944147928,human
1868.3732128745266,-23651.850863172436,human
1933.3122579380854,10319.936970646184,human
2301.671892334535,60406.31379706639,human
1521.4945405738745,-118703.55813832286,human
1594.5719223059377,10593.376460507356,human
1712.2629098293494,18024.310064388053,human
1641.9953188660804,-10319.816444819597,human
2297.159603464272,103364.98700573006,human
1887.0301247060956,-64050.62789117677,human
2015.9958862822223,19378.841745487556,human
1309.361564699447,-107556.94446044131,human
1344.9818161247047,5196.416230182052,human
864.7338146389274,-73413.00800436627,human
881.8317998239385,2665.358940512631,human
368.7049912450084,-84609.42036127848,human
414.56818573635184,6722.259578830717,human
317.3750080301607,-13795.057156298884,human
214.10003975873389,-15634.961650269575,human
0.0,-36263.80701692915,human
145.49915010233462,21170.0026805017,human
153.3230004386606,1199.5762085485248,human
0.0,-22073.291481838263,human
304.06727562708426,46228.45405363861,human
364.917663215411,9930.548385793127,human
618.8032411081533,37030.055113462484,human
466.1238390144043,-22505.142397449297,human
1385.1349671096261,142320.6339763071,human
1240.6192876222474,-22238.05600530618,human
1473.51949835771,37223.422836131314,human
1489.3989779786252,2265.3435220544525,human
1398.6756805903267,-14012.929078583322,human
1288.4242214798603,-17756.331296427663,human
1589.7916681024085,43555.58687980223,human
850.202263643024,-123317.94066712837,human
931.3862288357058,11271.814027062326,human
1115.1484197300722,28148.21752673306,human
1082.1308148038434,-4954.771821556398,human
781.4114315522767,-46997.11275242489,human
681.9285228797534,-15990.096255098648,human
1096.3373981477237,58171.245086075935,human
722.9994497609681,-60356.647019363336,human
674.8029544410748,-7272.394614750144,human
623.1014779113157,-7813.349780740608,human
1059.4108950733564,65369.327867133994,human
1066.2666909070147,1033.8052089986024,human
801.5716852042962,-42434.40435725777,human
771.6074910776703,-4624.119330442015,human
1078.5044998714322,47284.25785445069,human
847.6064854445164,-32174.633405410998,human
774.9696685125293,-11039.6380695402,human
965.3592808439081,29060.44297681689,human
947.3498937231649,-2925.970113033845,human
450.38699978523874,-74608.54226843079,human
411.1914042158485,-5698.181805797923,human
304.4093333817179,-16252.729499868537,human
214.33987141416935,-13651.033627532583,human
227.7196560778456,2154.441198326011,human
151.3970545769564,-11555.017064885415,human
144.3623597439251,-1015.545146174795,human
36.74604662572387,-3954.4740595299227,human
770.0916184705775,141185.8195800586,human
1205.1840956785034,61372.460653207076,human
1513.2094096305582,47325.975545271234,human
2095.513680251975,96467.38018344622,human
1720.0057036901956,-53453.066625656815,human
1791.5712690622033,10611.133240316518,human
2231.6348627641864,68590.13345665562,human
2072.8210412149006,-23161.912687487602,human
2072.793726530135,-4.638303302502343,human
1772.248224994163,-41592.29244009282,human
1548.513623274016,-34645.60787614336,human
1490.2483567241072,-8682.971773009369,human
1167.571780897957,-48237.64667262804,human
1357.5103791087588,30387.16185032454,human
659.3608592730089,-102933.46891328617,human
623.3036012957526,-5450.895706002453,human
757.5321485334489,20336.48795669912,human
455.9852147128103,-45833.64778806449,human
488.25893021000826,4983.094938514975,human
462.76017800007355,-3933.269037149718,human
158.20995058654898,-48182.876430215976,human
436.4823088663799,40486.98714522437,human
150.9611287071696,-43102.5996266375,human
151.1951263472838,35.37930276203437,human
151.9730425015399,118.22228477339739,human
156.12521868602272,648.2594148252743,human
0.0,-11754.593139989227,human
203.94861784884205,29412.133944363555,human
168.9276249546901,-5916.013153164168,human
336.7352025814763,25270.57281596797,human
303.8690139824676,-4993.508161471294,human
287.90225486494836,-2298.432976409632,human
456.2001305199043,25592.504280004505,human
623.2712682963073,26032.659984401453,human
300.55922608384094,-48497.04082765734,human
579.1948731092957,44759.962039887134,human
444.3252768468351,-18950.25584007315,human
583.3279898508664,22488.703381433384,human
783.0291543534171,27642.896045599366,human
463.31900812464147,-52371.0816312415,human
568.2691318534387,16541.136470621866,human
411.2626777727049,-22829.258766436877,human
452.3135986196484,6189.29657831046,human
481.41823669394483,4430.826463415983,human
344.4270606793712,-21101.088414345584,human
498.74794878909194,25655.742133344727,human
277.07121152067646,-30710.121080455283,human
452.6878687580947,26499.84342774256,human
216.45957017537214,-36157.11044990357,human
464.60554591441127,38429.99884156684,human
434.52066526376984,-4621.827531041972,human
425.05493382412914,-1422.506457907946,human
456.17485207380776,5019.087810286089,human
591.1317182686945,19348.83348858924,human
813.007171932545,36077.26702089951,human
581.5502040538944,-32646.22814007115,human
757.887874904861,26209.7805804916,human
1096.178592828896,52442.86337047796,human
1108.5522915294391,1939.8614769560825,human
1114.2531757790407,872.545672589437,human
1478.4404163596366,54669.19580244643,human
1440.3955393669446,-5564.063591825243,human
1544.336304664333,17015.032692603916,human
898.6654952678922,-102573.27696896938,human
1005.0904164151624,15127.371304991188,human
1270.2494685236038,39694.39906112657,human
660.4287629250953,-90056.10255526536,human
683.8813520708238,3586.3821082210097,human
702.6474247501485,3198.0584147238023,human
443.0340650395776,-36371.7467127893,human
465.8957345971564,3550.3847775485333,human
147.31846440237433,-46932.314238595594,human
459.6161741607919,47845.692852780434,human
157.0723888701644,-47521.27509342097,human
151.56665341668776,-834.4858972810628,human
291.1396938881755,20317.62613895543,human
156.9665805920437,-21060.69480148268,human
151.1079727636272,-885.2823521691329,human
154.22503309310193,480.7287324664347,human
146.1888397058311,-1174.801786936795,human
78.68352530671969,-5311.556113860553,human
49.47046612568409,-1445.183654643026,human
37.74130096371015,-442.67395243112253,human
38.88006822521738,44.27534882004491,human
10.800764290533406,-303.2779432407688,human
346.53645639691,58172.32851425389,human
201.92822473245013,-20647.85989798028,human
611.8581381952539,60832.53169249546,human
613.8754482253934,309.5942747403622,human
1061.5448627390242,70841.78894443237,human
773.1486494808861,-43728.63100475243,human
936.3279685965815,24158.119052777445,human
634.4164649455466,-46454.6985366136,human
438.9419174540809,-30335.578363919216,human
891.2172894234103,69126.90043555303,human
334.85964232716645,-83316.66326215239,human
469.3734106856421,19965.731356820295,human
331.54513794892813,-20436.003805595672,human
0.0,-52479.47385763986,human
320.23699179232676,51275.86545609938,human
142.83830540798257,-25339.327744741873,human
163.47601044549245,3373.7696842829564,human
138.2935144581094,-3482.57587292244,human
0.0,-456.4642044688358,human
0.0,0.0,human
38.26954625498408,1464.5581705623658,human
0.0,-969.0189375865685,human
0.0,0.0,human
0.0,0.0,human
0.0,0.0,human
50.94316981040409,2595.2065503316667,human
76.06782857868296,1911.178236283341,human
49.85147855852429,-1306.923810912708,human
38.45797803084484,-438.1709929879154,human
73.96317979826479,2626.0776220973507,human
75.39508547392641,107.95865080710855,human
0.0,-12352.248294349105,human
146.91596903569302,21584.30195769671,human
155.54045835496552,1341.4570217971489,human
151.36427282569468,-632.1252858232695,human
160.14906452844596,1406.8761732728713,human
0.0,-11781.973302952343,human
78.49357162908207,6161.240787089837,human
48.89149997668672,-1447.2896855029658,human
0.0,-2495.082176451757,human
310.02320940202526,48057.195183966,human
75.70809191169835,-17739.550451258066,human
155.8988997918525,12501.65872193585,human
151.72016639536986,-633.9981262362355,human
145.87868670005565,-852.1473863374775,human
0.0,-11188.800569457626,human
79.8246041412911,6371.9674263138295,human
72.4317267342463,-535.4788761268528,human
0.0,-3729.1714478230942,human
0.0,0.0,human
37.773931212118484,1426.8698792178589,human
0.0,-6129.027109427985,human
38.34266386324161,1470.1598721295343,human
75.48871530902416,2804.1077024450437,human
0.0,-1621.8593220820464,human
0.0,0.0,human
49.71321559796136,2471.4038050893887,human
0.0,-2591.438679567892,human
37.44947722747524,1402.4633446111868,human
30.50314172678613,-211.8850562593259,human
0.0,-201.4807169765258,human
8.953464146045734,80.16452021452646,human
0.0,-170.82996170502756,human
75.15057693685945,5647.609213942832,human
152.90379497648647,11888.762109893178,human
78.1688130160091,-5841.944830623368,human
23.21196943203478,-89.75488329297559,human
3368.2944372522124,549130.8326852462,human
4733.120718181377,205724.72972781997,human
3731.309987134023,-150979.0793171227,human
3741.1228565432302,1482.749384484345,human
3664.5378175050505,-11593.493903273302,human
2697.0669241457,-153225.35354380915,human
2289.375078510709,-57335.82144964541,human
2468.5721611481335,26971.22189308071,human
2649.630266657743,29470.011881383725,human
3342.774318019906,109225.56513523406,human
2505.8902963250416,-127864.85500986653,human
2590.9854064024958,12815.150643722172,human
2190.200274373986,-59047.19808942032,human
2133.2758489943935,-8544.17209659768,human
1821.863392117797,-46479.20124999417,human
2151.5633475644395,52153.9446324599,human
1812.4586245344256,-50865.75696386809,human
1511.2161918761974,-44217.0547775376,human
1262.0100736226757,-39009.002374145144,human
1450.4670111713856,28813.68012934437,human
982.0490033433197,-72733.87842089769,human
729.2158976320457,-36873.98402646891,human
608.1125086085034,-18411.121425024445,human
147.85335589396504,-68050.86030975744,human
157.87646328151467,1582.4127454371574,human
160.34498050309656,395.8143457661064,human
143.27744756439162,-2445.392555678824,human
0.0,-7160.635472917378,human
78.008890211468,6085.386952024868,human
106.78599387033904,2172.933209440968,human
348.32864855336226,37626.86435311506,human
758.216855273148,62156.82942252519,human
1241.2754467457564,70664.57109542158,human
1217.4283282538272,-3717.186876734529,human
1977.7620044722105,124880.3923521741,human
1404.092126405999,-80548.53589490571,human
1273.9934069015203,-19267.454525352656,human
1594.763375539639,49686.34177334867,human
1455.223595973283,-21524.484410072633,human
1307.1341292121995,-24009.75039790798,human
839.2264126770777,-62088.24091537623,human
1695.239498869488,152964.34523982494,human
743.1895989478638,-131389.4019294837,human
942.620084677453,30904.902239620136,human
813.1017369727048,-21062.318697713094,human
594.8731869543757,-31485.5656928237,human
152.8759294357778,-67570.74155122048,human
298.13441376123967,21653.276534108896,human
155.4655102116461,-22180.093881673693,human
152.30415047750463,-481.4882086622044,human
0.0,-22468.780822496556,human
0.0,0.0,human
72.80513799687554,5300.588118744091,human
80.06688937672997,581.425844412121,human
0.0,-12612.66710660167,human
211.5647751726548,31649.85493332977,human
146.35207090268327,-9544.014319074591,human
0.0,-11083.437028661852,human
0.0,0.0,human
0.0,0.0,human
149.23162314096635,22270.077345287402,human
348.94376039933445,34844.1520861615,human
436.4823088663799,12736.342583235837,human
1268.5362507964708,123535.82926913796,human
1101.7894937233468,-25235.858778192684,human
1410.4161887659372,45883.81474280154,human
1615.2773783336438,33598.5808574564,human
1774.0948718840248,24160.489226663416,human
1660.2884661074424,-16143.21292483149,human
2166.2429523730866,81692.53283912447,human
1552.8985429682948,-92511.25250806085,human
1523.0847162268492,-4610.5837606722325,human
1696.9640699701192,27278.95526174724,human
1244.526122916571,-62953.2341785591,human
881.3077188196601,-56587.489977612735,human
1092.4235886249442,32615.71833908366,human
871.8063970469192,-32985.26250684335,human
696.0659027790794,-28832.742345768733,human
904.9041275501717,29513.494440860257,human
423.8249152595993,-72087.18746837186,human
436.8567978727149,2012.802966995177,human
442.54423109752844,889.872940820249,human
451.470228832494,1424.7573164271796,human
417.19240410154185,-5055.9719151896015,human
0.0,-62659.59211103321,human
149.8072719479963,22442.218728500917,human
154.77136531365315,768.2995077471584,human
218.19538721779372,9785.529842509635,human
0.0,-34112.78460523114,human
317.91291353849965,45199.26120830423,human
154.81706776908314,-25250.020607339684,human
0.0,-24748.4505912088,human
319.40703818749034,45625.113847288885,human
220.51532032847774,-15419.97575311082,human
414.7131092439154,28473.906272781092,human
344.2500683563089,-10848.01843514358,human
438.45523166025225,14603.43324338925,human
153.60375009155496,-43754.25578808736,human
542.4433493627358,58499.64082576531,human
500.07533272324696,-5876.272003672985,human
485.3249551231977,-2530.9919722384643,human
607.1695374828431,17437.328346164537,human
461.696174470965,-23746.235001913697,human
207.29133676448444,-37289.92585747483,human
340.550067621615,20295.120837653823,human
352.0551374736966,1811.4024212036495,human
326.7059902567067,-3703.6969926780835,human
209.12570869819922,-17387.090863840574,human
318.11179370496774,17334.879495192614,human
146.7874291313782,-25148.263023324173,human
228.51799520421167,13206.566251937811,human
147.83772161714427,-11927.587826559908,human
105.50392375788344,-3158.2088452258745,human
0.0,-16016.342590516688,human
167.2103332801786,27959.295555668403,human
142.82371369223958,-3482.9875739493627,human
154.56034196853005,1814.0172799409752,human
153.30058479532164,-193.12151135295107,human
348.3545244697574,30387.23468381104,human
0.0,-51281.228955552484,human
220.2614779619652,34305.36940444792,human
209.72462615407568,-1562.59094456876,human
349.3536788459837,21815.04485665949,human
146.35717775141322,-29709.994993613003,human
436.7602975860189,44843.49337805633,human
415.25020837381237,-3157.963289688639,human
335.650592738504,-11948.499973431986,human
158.10260469674697,-28070.799368068663,human
218.0750588792545,9247.893546599562,human
205.29684011752752,-1854.9729714874363,human
213.7682572263126,1280.5138628025709,human
160.05128596504616,-8597.470328513124,human
214.54919526587776,8267.833724169535,human
143.50785232832655,-10194.990551488103,human
218.52496321528596,11591.6802336287,human
0.0,-33885.1760624691,human
341.15706457747183,52050.35977540098,human
149.51356361173492,-28653.30277241629,human
154.04377846334654,697.8514129930224,human
149.59355160853127,-665.7252406754799,human
451.1459610627084,45348.05052466003,human
159.606682141634,-46531.617022557104,human
306.57875886265623,22529.258434299045,human
148.20338503939792,-23471.766507486933,human
145.8076896335952,-349.3108121859118,human
169.7205519362279,4058.50418837784,human
136.72471232519476,-4511.346678746773,human
366.2858372309814,37603.950183043955,human
145.43860744131212,-32119.713557880958,human
0.0,-22721.858417906104,human
287.7639875132929,41404.056254775285,human
147.7075644456966,-20687.393136290724,human
0.0,-26061.350680836404,human
426.0483510530236,60505.732478333484,human
0.0,-66978.12230191534,human
141.98246504857656,20159.020381270264,human
164.25705893871157,3658.7592814477707,human
155.44822474242088,-1369.3176378637174,human
0.0,-21459.27363427031,human
147.24605932947165,21681.401988058285,human
79.78816009739765,-5382.341663762839,human
0.0,-12460.190596811206,human
49.04299428223987,2405.215288167812,human
168.5610255998071,20146.081936558996,human
76.61528906749474,-7044.449182946823,human
52.17978660164961,-901.5889382593145,human
0.0,-4023.3448106043597,human
170.70834350834352,29141.338543362606,human
73.25655401274997,-7138.982280823089,human
161.74240320839118,14311.913898838297,human
142.68766797074332,-2718.875734859921,human
230.09587654741156,14221.521349391129,human
138.8290745399179,-12670.485658918265,human
169.1319811282713,5125.190625233152,human
195.11337132053953,3584.5481664745053,human
0.0,-30659.553191339135,human
0.0,0.0,human
145.68108089333472,21222.977330250334,human
135.5844189429449,-1368.9500438069458,human
113.64822105484878,-1762.8241823009425,human
0.0,-4422.01183868823,human
7.032844389893827,9.892180042492216,human
1799.4283931357254,293207.949285758,human
1604.33076013631,-28454.6485318861,human
1863.3759579430603,40224.88280114192,human
1836.8802048241478,-3743.8095704644634,human
2146.7574306291813,47516.51693426517,human
2344.8458872200067,30965.793516183727,human
1977.153963304083,-55921.81112655938,human
2301.359280122906,49740.86096841236,human
1986.0117282826443,-48175.68741845992,human
2517.5894357743095,78723.20121612604,human
2233.071626322141,-42356.57649806445,human
2781.676135735603,84780.00398846473,human
2888.950947473212,17112.00927855407,human
2170.1410782656685,-103994.58830867088,human
2335.0818476834056,25619.80998155362,human
1940.0111008325625,-58957.04880806513,human
2255.077255212439,47261.65843782888,human
2188.2781545800103,-10441.072332823962,human
2235.0932307608737,6960.287167619008,human
2017.4127532922828,-32915.7869121213,human
2178.0536108002416,24436.986479365358,human
1850.7765841044572,-49789.60254545647,human
1829.5544399566938,-3138.9824060211104,human
1392.2804026423125,-68066.8117945392,human
1506.5318626369294,17476.489994940246,human
1109.298477641454,-65688.28164406493,human
1140.618435120264,4574.004976782825,human
638.6578905554737,-75561.68107921896,human
510.16355081751885,-18181.16665453102,human
573.5929503843623,10090.733332858328,human
358.4463543779583,-34488.44747624859,human
291.44314352221795,-9763.813198939484,human
593.946826211633,44917.775562677256,human
924.0962752842524,48238.944988611576,human
1532.3835349516928,103569.9312483634,human
1472.4642301732572,-8779.116907444428,human
2317.1924564136016,126087.0810758997,human
2949.607120928985,96071.68986003369,human
2662.6160253362286,-44718.326034960985,human
2908.00779775233,36948.868919153654,human
3339.7338030542496,67373.22286497235,human
2632.202457696586,-101449.52659507145,human
2680.4746109225,7889.186617988749,human
2856.8580482338325,25386.238303777096,human
1902.454453285396,-142655.600866206,human
2548.5014787061473,100385.93794355419,human
2488.328777714342,-8702.848291749428,human
2082.3925239165033,-63006.32990597971,human
2406.0982368804566,52751.580025936804,human
1538.9921501191345,-123902.37890939122,human
1997.3578020051816,73066.46728368253,human
811.5193580003405,-178700.35314350884,human
610.3896095563553,-29775.494438006535,human
799.3108968250943,30201.368711225423,human
737.3692908125594,-9134.767619450775,human
920.7121062451981,28134.32496031824,human
731.1489501876952,-27181.481101658366,human
701.0052217878226,-4725.015345036962,human
1051.726694268288,51152.1133218828,human
1097.7609655986457,7146.675366547175,human
1131.6801582183987,5272.678277436819,human
1133.1678172697655,221.3520986833139,human
1547.999261856431,64215.87700149954,human
2057.837571021719,80467.2383625665,human
3029.4044324431134,144305.6331005772,human
5315.123191393015,347821.3305350872,human
6215.371035103761,136962.28125312328,human
5642.186054913373,-88182.22701655966,human
5842.053871253417,33374.726552524655,human
4325.604481309488,-214865.54091072842,human
4180.529494323036,-21336.252961787726,human
3037.8632966939886,-166818.28762200844,human
3017.0690273371647,-3546.147068119689,human
2359.795477345109,-95279.08619015277,human
2100.9775460325154,-36577.97306341855,human
2325.9551580165166,38472.88693500812,human
1533.9577498867711,-112316.67219732972,human
1483.1868170727396,-7530.277824025734,human
1411.027938801457,-12347.26957281144,human
1238.3943870493506,-25925.65421776886,human
1237.1370554424102,-182.0565121799474,human
1856.993172519578,93058.37895630441,human
1503.604230148772,-53135.71086365443,human
1781.8308421474076,44883.345831243256,human
1165.3272209488089,-89803.55644953002,human
1112.7102262607987,-8042.113231101959,human
1489.2677189503192,55801.17996811853,human
1837.5905694838661,54685.27943121193,human
1992.0339032588047,23665.87361630717,human
2547.1477402864366,84956.43972489034,human
2094.450858137142,-66711.69782820305,human
2747.0108232590355,97504.00313314876,human
2343.710326329906,-63014.635951118915,human
2349.527711888839,864.4470884778165,human
2090.447492097484,-38984.76007002078,human
1885.3098253744647,-31790.494590320584,human
2489.92990631096,98415.10493450274,human
1885.759774134558,-87381.83455406938,human
2848.881993350731,144411.66040636585,human
2169.271515223277,-98066.29328282563,human
2922.145173198054,127442.93305102264,human
3621.9572554927877,109789.58728322909,human
3052.4692696500697,-79179.4257623249,human
4205.204091122545,186856.8221310643,human
3251.1052899510673,-137084.83208237644,human
3246.1640409855254,-754.4630615641952,human
3882.9538551015676,106012.94214916934,human
2222.753319206898,-235759.2682998766,human
2829.566300444165,93393.44321354003,human
2266.4351911342974,-83434.35177162084,human
2686.011708489417,66178.98108636608,human
1850.4282352941177,-128848.93764547558,human
1549.1687596534819,-42427.43347382384,human
1280.5043896818993,-42671.16183085764,human
722.3836588474389,-80635.45912376083,human
1141.4278916811618,66329.49286555269,human
891.6074708227007,-39375.55110624654,human
1094.030104672192,30710.48480233873,human
1364.2125425998806,39070.0665447287,human
1535.4180445071627,25776.721999846388,human
1800.4752630529779,41855.74910491273,human
1777.5237653314123,-3693.5716801424815,human
1444.717553044916,-48081.09766526937,human
714.0116277675005,39.106249155840146,bot
714.13077154329,11.912400843128118,bot
714.1477953286376,1.7021366654341745,bot
714.1307715432904,-1.7020960900326025,bot
713.5694415892387,-56.079567243851685,bot
714.1477953286374,57.82715684699371,bot
714.1648199256467,1.702258399322443,bot
714.1648199256467,0.0,bot
714.1477953286379,-1.7022178200289315,bot
714.1648199256457,1.7022583991633,bot
714.1648199256467,1.0230605568389733e-10,bot
714.1477953286368,-1.7022178201426021,bot
714.181845334375,3.4046791252721706,bot
714.181845334375,0.0,bot
714.1477953286379,-3.404516800472559,bot
713.8755121229842,-27.214072169812148,bot
714.1307715432904,25.521706975634533,bot
714.181845334375,5.106896947131418,bot
714.1818453343731,-1.9324937872680108e-10,bot
714.1648199256447,-1.7023395616264558,bot
714.181845334377,1.7023801451306617,bot
714.1648199256488,-1.7023395616150885,bot
714.1477953286359,-1.702217820438146,bot
713.8585013163282,-28.913573678646642,bot
714.1307715432883,27.222505411675492,bot
714.1648199256507,3.404435642604277,bot
714.181845334371,1.702380143925695,bot
714.1648199256467,-1.7023395612172316,bot
714.181845334375,1.7023801447214277,bot
714.181845334375,0.0,bot
714.181845334375,0.0,bot
714.1477953286379,-3.404516800472559,bot
714.1648199256467,1.7022583992656062,bot
714.1648199256467,0.0,bot
714.1988715548808,3.4049226315538865,bot
714.1818453343791,-1.7024613144054035,bot
714.1648199256426,-1.702339562433537,bot
714.181845334375,1.7023801451306617,bot
714.181845334371,-3.978663679669434e-10,bot
714.1477953286379,-3.4045168000747115,bot
714.1648199256467,1.7022583992656062,bot
714.181845334375,1.7023801447214277,bot
714.181845334375,0.0,bot
714.1988715548808,1.702501901791103,bot
714.0967264073472,-10.212333163637227,bot
714.181845334375,8.511089138874755,bot
714.0116277675008,-17.016093181365353,bot
714.1477953286338,13.614821481569443,bot
713.9775939903525,-17.013659857451263,bot
714.1818453343831,20.42320617142686,bot
714.1988715548687,1.70250189976762,bot
714.1307715432944,-6.808871297881771,bot
714.181845334371,5.106896946335684,bot
714.1988715548848,1.7025019025868546,bot
714.1988715548767,-8.071195878611041e-10,bot
714.1648199256507,-3.404760290581289,bot
714.1988715548767,3.4049226307467673,bot
714.1818453343791,-1.7024613139961695,bot
714.181845334371,-8.071003464472281e-10,bot
714.1988715548848,1.7025019025868546,bot
714.1988715548767,-8.071195878611041e-10,bot
714.1477953286419,-5.106896946332393,bot
714.215898587218,6.810007625672598,bot
714.0797050566315,-13.616119708082428,bot
714.1818453343791,10.2130635210586,bot
714.181845334371,-8.071003464472281e-10,bot
714.1988715548848,1.7025019025868546,bot
714.181845334371,-1.7024613156103703,bot
714.2158985872261,3.4051661619513123,bot
714.181845334371,-3.4050038063043315,bot
714.1988715548848,1.7025019025868546,bot
714.1988715548848,0.0,bot
714.1988715548687,-1.6142391757222082e-09,bot
714.1988715548929,2.4213587635833124e-09,bot
714.181845334371,-1.7024613164174707,bot
713.9775939903444,-20.417365267431375,bot
714.1477953286419,17.01771565535551,bot
714.215898587218,6.810007625672598,bot
714.181845334371,-3.405003805497231,bot
713.9775939903525,-20.417365266624508,bot
714.1648199256426,18.72037973899092,bot
714.1988715548929,3.404922633168126,bot
714.1988715548687,-2.4213587635833124e-09,bot
714.1818453343791,-1.7024613131890693,bot
714.181845334371,-8.071003464472281e-10,bot
714.1988715548848,1.7025019025868546,bot
713.9435634575167,-25.519882129204092,bot
714.1648199256507,22.123030640802266,bot
714.1988715548767,3.4049226307467673,bot
713.9775939903525,-22.119339688609127,bot
714.181845334371,20.423206170221892,bot
714.0797050566396,-10.211602875840446,bot
714.1988715548767,11.915808902450461,bot
714.1648199256507,-3.404760290581289,bot
714.1988715548767,3.4049226307467673,bot
714.1988715548687,-8.071195878611041e-10,bot
714.1818453343872,-1.702461312381969,bot
714.1988715548848,1.7025019009726154,bot
